"","SonyEricson_price"
"1","Rs. 5,100"
"2"," Price N/A "
"3"," Price N/A "
"4"," Price N/A "
"5"," Price N/A "
"6"," Price N/A "
"7"," Price N/A "
"8"," Price N/A "
"9"," Price N/A "
"10"," Price N/A "
"11"," Price N/A "
"12"," Price N/A "
"13"," Price N/A "
"14"," Price N/A "
"15"," Price N/A "
"16"," Price N/A "
"17"," Price N/A "
"18"," Price N/A "
"19"," Price N/A "
"20"," Price N/A "
"21"," Price N/A "
"22"," Price N/A "
"23"," Price N/A "
"24"," Price N/A "
"25"," Price N/A "
"26"," Price N/A "
"27"," Price N/A "
"28"," Price N/A "
"29"," Price N/A "
"30"," Price N/A "
"31"," Price N/A "
"32"," Price N/A "
"33"," Price N/A "
"34"," Price N/A "
"35"," Price N/A "
"36"," Price N/A "
"37"," Price N/A "
"38"," Price N/A "
"39"," Price N/A "
"40"," Price N/A "
"41"," Price N/A "
"42"," Price N/A "
"43"," Price N/A "
"44"," Price N/A "
"45"," Price N/A "
"46"," Price N/A "
